"browser","machine","framework","operatingSystem","name","mimeType","normalQualityAveragePageLoad","lowQualityAveragyPageLoad","veryLowQualityAveragePageLoad","normalQualityAverageVideoLoad","lowQualityAveragyVideoLoad","veryLowQualityAverageVideoLoad","normalQualityFailure","lowQualityFailure","veryLowQualityFailure"
"chrome","Acer Aspire M5-581(G)","astro","ubuntu","720p50_parkrun_ter","H265","240.25000000093132","131.9750000005588","276.39999999990687","56.55000000074506","31.475000000558794","84.84999999962747","true","true","true"
"chrome","Acer Aspire M5-581(G)","astro","ubuntu","Netflix_Aerial_4096x2160_60fps_8bit_420","H265","200.22499999962747","193.47500000009313","108.9750000005588","49.72500000009313","48.8249999997206","44.60000000009313","true","true","true"
"chrome","Acer Aspire M5-581(G)","astro","ubuntu","sintel_trailer_2k_1080p24_lowBitrate","H265","104.42499999981374","89.6750000002794","261.77500000037253","24.574999999720603","21.575000000186265","88.95000000018626","true","true","true"
"chrome","Acer Aspire M5-581(G)","astro","ubuntu","720p50_parkrun_ter","WebM","376.99999999953434","574.5249999994412","21.375","94.52500000037253","142.97500000009313","3.4250000002793968","false","false","false"
"chrome","Acer Aspire M5-581(G)","astro","ubuntu","Netflix_Aerial_4096x2160_60fps_8bit_420","WebM","510.6000000005588","128.29999999981374","77.625","127.75","29.600000000093132","17.799999999813735","false","false","false"
"chrome","Acer Aspire M5-581(G)","astro","ubuntu","sintel_trailer_2k_1080p24_lowBitrate","WebM","104.42499999981374","89.6750000002794","261.77500000037253","24.574999999720603","21.575000000186265","88.95000000018626","true","true","true"
"firefox","Acer Aspire M5-581(G)","astro","ubuntu","720p50_parkrun_ter","H265","163.5","143.75","48.5","54.75","50.5","15.25","true","true","true"
"firefox","Acer Aspire M5-581(G)","astro","ubuntu","Netflix_Aerial_4096x2160_60fps_8bit_420","H265","171.5","160","42.5","61","55.5","11.5","true","true","true"
"firefox","Acer Aspire M5-581(G)","astro","ubuntu","sintel_trailer_2k_1080p24_lowBitrate","H265","195.75","159.75","46.25","66","53.5","11.5","true","true","true"
"firefox","Acer Aspire M5-581(G)","astro","ubuntu","720p50_parkrun_ter","WebM","2905.5","990.25","12198.25","892","289.75","3041.25","false","false","false"
"firefox","Acer Aspire M5-581(G)","astro","ubuntu","Netflix_Aerial_4096x2160_60fps_8bit_420","WebM","8981.75","598.5","370","2920.75","236.75","115","false","false","false"
"firefox","Acer Aspire M5-581(G)","astro","ubuntu","sintel_trailer_2k_1080p24_lowBitrate","WebM","195.75","159.75","46.25","66","53.5","11.5","true","true","true"
"chrome","Acer Aspire M5-581(G)","gatsby","ubuntu","720p50_parkrun_ter","H265","110.45000000018626","107.14999999990687","75.69999999995343","27.074999999720603","26.324999999953434","22.550000000046566","true","true","true"
"chrome","Acer Aspire M5-581(G)","gatsby","ubuntu","Netflix_Aerial_4096x2160_60fps_8bit_420","H265","197.37500000023283","203.27499999990687","89.375","48.39999999990687","50.049999999813735","28.549999999813735","true","true","true"
"chrome","Acer Aspire M5-581(G)","gatsby","ubuntu","sintel_trailer_2k_1080p24_lowBitrate","H265","73.14999999990687","73.49999999976717","60","16.300000000046566","16.7750000001397","22.77500000037253","true","true","true"
"chrome","Acer Aspire M5-581(G)","gatsby","ubuntu","720p50_parkrun_ter","WebM","348.0999999998603","243.17499999981374","null","85.3000000002794","59.5749999997206","null","false","false","true"
"chrome","Acer Aspire M5-581(G)","gatsby","ubuntu","Netflix_Aerial_4096x2160_60fps_8bit_420","WebM","526.149999999674","222.8249999997206","171.72500000009313","132.04999999981374","55.4749999998603","40.1750000002794","false","false","false"
"chrome","Acer Aspire M5-581(G)","gatsby","ubuntu","sintel_trailer_2k_1080p24_lowBitrate","WebM","73.14999999990687","73.49999999976717","60","16.300000000046566","16.7750000001397","22.77500000037253","true","true","true"
"firefox","Acer Aspire M5-581(G)","gatsby","ubuntu","720p50_parkrun_ter","H265","107.75","193","56.25","39.75","59.25","13","true","true","true"
"firefox","Acer Aspire M5-581(G)","gatsby","ubuntu","Netflix_Aerial_4096x2160_60fps_8bit_420","H265","108.25","112","41.75","37.75","39","11.75","true","true","true"
"firefox","Acer Aspire M5-581(G)","gatsby","ubuntu","sintel_trailer_2k_1080p24_lowBitrate","H265","107.5","101.5","42.5","35.5","35.25","11.5","true","true","true"
"firefox","Acer Aspire M5-581(G)","gatsby","ubuntu","720p50_parkrun_ter","WebM","2795.75","419","12129.75","853.25","124.5","null","false","false","false"
"firefox","Acer Aspire M5-581(G)","gatsby","ubuntu","Netflix_Aerial_4096x2160_60fps_8bit_420","WebM","8243","582.5","325","2700.75","234.5","114.25","false","false","false"
"firefox","Acer Aspire M5-581(G)","gatsby","ubuntu","sintel_trailer_2k_1080p24_lowBitrate","WebM","107.5","101.5","42.5","35.5","35.25","11.5","true","true","true"
"chrome","Acer Aspire M5-581(G)","next","ubuntu","720p50_parkrun_ter","H265","102.84999999997672","103.09999999997672","209.57500000006985","24.974999999976717","24.550000000046566","81.84999999997672","true","true","true"
"chrome","Acer Aspire M5-581(G)","next","ubuntu","Netflix_Aerial_4096x2160_60fps_8bit_420","H265","184.82500000018626","189.7750000001397","73.80000000004657","46.15000000002328","46.449999999953434","20.42500000016298","true","true","true"
"chrome","Acer Aspire M5-581(G)","next","ubuntu","sintel_trailer_2k_1080p24_lowBitrate","H265","77.74999999988358","93.95000000006985","60.250000000116415","17.399999999906868","21.900000000023283","18.775000000023283","true","true","true"
"chrome","Acer Aspire M5-581(G)","next","ubuntu","720p50_parkrun_ter","WebM","275.19999999995343","140.35000000009313","2082.175000000163","69.8499999998603","34.3499999998603","null","false","false","false"
"chrome","Acer Aspire M5-581(G)","next","ubuntu","Netflix_Aerial_4096x2160_60fps_8bit_420","WebM","552.9000000000233","100.10000000009313","75.29999999993015","138.82499999995343","24.475000000093132","18.874999999883585","false","false","false"
"chrome","Acer Aspire M5-581(G)","next","ubuntu","sintel_trailer_2k_1080p24_lowBitrate","WebM","77.74999999988358","93.95000000006985","60.250000000116415","17.399999999906868","21.900000000023283","18.775000000023283","true","true","true"
"firefox","Acer Aspire M5-581(G)","next","ubuntu","720p50_parkrun_ter","H265","258.75","283.25","149.25","97.25","107","50.25","true","true","true"
"firefox","Acer Aspire M5-581(G)","next","ubuntu","Netflix_Aerial_4096x2160_60fps_8bit_420","H265","280.25","260.75","172.25","100.5","98.5","55.75","true","true","true"
"firefox","Acer Aspire M5-581(G)","next","ubuntu","sintel_trailer_2k_1080p24_lowBitrate","H265","257.5","247.5","179.5","94.25","99","54","true","true","true"
"firefox","Acer Aspire M5-581(G)","next","ubuntu","720p50_parkrun_ter","WebM","2317.75","305.5","163.5","711","97","null","false","false","false"
"firefox","Acer Aspire M5-581(G)","next","ubuntu","Netflix_Aerial_4096x2160_60fps_8bit_420","WebM","6384.75","480.25","289.25","2081.5","161.5","99.5","false","false","false"
"firefox","Acer Aspire M5-581(G)","next","ubuntu","sintel_trailer_2k_1080p24_lowBitrate","WebM","257.5","247.5","179.5","94.25","99","54","true","true","true"
"chrome","Acer Aspire M5-581(G)","react","ubuntu","720p50_parkrun_ter","H265","107.5999999998603","162.04999999981374","271.4749999998603","26.699999999953434","39.77499999990687","115.9000000001397","true","true","true"
"chrome","Acer Aspire M5-581(G)","react","ubuntu","Netflix_Aerial_4096x2160_60fps_8bit_420","H265","230.22500000032596","226.95000000018626","290.25","58.25000000023283","54.799999999813735","114.6750000002794","true","true","true"
"chrome","Acer Aspire M5-581(G)","react","ubuntu","sintel_trailer_2k_1080p24_lowBitrate","H265","121.875","140.79999999981374","248.60000000009313","29.5999999998603","33.64999999990687","86.9000000001397","true","true","true"
"chrome","Acer Aspire M5-581(G)","react","ubuntu","720p50_parkrun_ter","WebM","339.57499999995343","224.02499999990687","35.6999999997206","84.25000000023283","55.4749999998603","7.824999999953434","false","false","false"
"chrome","Acer Aspire M5-581(G)","react","ubuntu","Netflix_Aerial_4096x2160_60fps_8bit_420","WebM","608.8249999999534","232.82500000018626","70.7750000001397","152.79999999981374","56.949999999953434","16.425000000279397","false","false","false"
"chrome","Acer Aspire M5-581(G)","react","ubuntu","sintel_trailer_2k_1080p24_lowBitrate","WebM","121.875","140.79999999981374","248.60000000009313","29.5999999998603","33.64999999990687","86.9000000001397","true","true","true"
"firefox","Acer Aspire M5-581(G)","react","ubuntu","720p50_parkrun_ter","H265","119.25","213.25","59.75","42.25","64.75","15.25","true","true","true"
"firefox","Acer Aspire M5-581(G)","react","ubuntu","Netflix_Aerial_4096x2160_60fps_8bit_420","H265","125.25","141.5","42.75","44.5","48.5","11.25","true","true","true"
"firefox","Acer Aspire M5-581(G)","react","ubuntu","sintel_trailer_2k_1080p24_lowBitrate","H265","115.75","123.75","43.25","40.25","42.75","12","true","true","true"
"firefox","Acer Aspire M5-581(G)","react","ubuntu","720p50_parkrun_ter","WebM","2833.25","312.5","198.75","870.5","92.25","46","false","false","false"
"firefox","Acer Aspire M5-581(G)","react","ubuntu","Netflix_Aerial_4096x2160_60fps_8bit_420","WebM","8213.75","639.5","267","2655.75","258","92.75","false","false","false"
"firefox","Acer Aspire M5-581(G)","react","ubuntu","sintel_trailer_2k_1080p24_lowBitrate","WebM","115.75","123.75","43.25","40.25","42.75","12","true","true","true"
"chrome","Acer Aspire M5-581(G)","remix","ubuntu","720p50_parkrun_ter","H265","107.87500000023283","151.10000000009313","1021.9250000002794","26.175000000046566","35.2750000001397","348.7249999998603","true","true","true"
"chrome","Acer Aspire M5-581(G)","remix","ubuntu","Netflix_Aerial_4096x2160_60fps_8bit_420","H265","195.3000000002794","215.1999999997206","160.2249999998603","48","50.424999999813735","64.9749999998603","true","true","true"
"chrome","Acer Aspire M5-581(G)","remix","ubuntu","sintel_trailer_2k_1080p24_lowBitrate","H265","102.92499999981374","76.04999999981374","172.39999999990687","25.049999999813735","17.774999999906868","63.47500000009313","true","true","true"
"chrome","Acer Aspire M5-581(G)","remix","ubuntu","720p50_parkrun_ter","WebM","327.5250000001397","205.62499999976717","23.175000000046566","80.89999999990687","51.5749999997206","null","false","false","false"
"chrome","Acer Aspire M5-581(G)","remix","ubuntu","Netflix_Aerial_4096x2160_60fps_8bit_420","WebM","254.35000000032596","193.19999999995343","69.39999999967404","63.52499999990687","46.3499999998603","17.12499999976717","false","false","false"
"chrome","Acer Aspire M5-581(G)","remix","ubuntu","sintel_trailer_2k_1080p24_lowBitrate","WebM","102.92499999981374","76.04999999981374","172.39999999990687","25.049999999813735","17.774999999906868","63.47500000009313","true","true","true"
"firefox","Acer Aspire M5-581(G)","remix","ubuntu","720p50_parkrun_ter","H265","228.5","233.25","98","84","82.25","29.25","true","true","true"
"firefox","Acer Aspire M5-581(G)","remix","ubuntu","Netflix_Aerial_4096x2160_60fps_8bit_420","H265","253.75","176.75","218.5","87.5","62.75","70.75","true","true","true"
"firefox","Acer Aspire M5-581(G)","remix","ubuntu","sintel_trailer_2k_1080p24_lowBitrate","H265","300.25","221.25","106.5","94.25","85.25","33","true","true","true"
"firefox","Acer Aspire M5-581(G)","remix","ubuntu","720p50_parkrun_ter","WebM","2186.5","286","null","678.5","79","null","false","false","true"
"firefox","Acer Aspire M5-581(G)","remix","ubuntu","Netflix_Aerial_4096x2160_60fps_8bit_420","WebM","6300.75","606.25","384.25","2049.75","233.25","129","false","false","false"
"firefox","Acer Aspire M5-581(G)","remix","ubuntu","sintel_trailer_2k_1080p24_lowBitrate","WebM","300.25","221.25","106.5","94.25","85.25","33","true","true","true"
"chrome","Asus X55CR","astro","ubuntu","720p50_parkrun_ter","H265","121.07499999995343","115.02499999967404","241.72500000009313","28.2750000001397","29.024999999906868","77.4749999998603","true","true","true"
"chrome","Asus X55CR","astro","ubuntu","Netflix_Aerial_4096x2160_60fps_8bit_420","H265","291.30000000004657","362.37499999976717","55.125","69.9000000001397","84.64999999990687","15.625","true","true","true"
"chrome","Asus X55CR","astro","ubuntu","sintel_trailer_2k_1080p24_lowBitrate","H265","149.44999999995343","79.125","55.375","34.200000000186265","17.62500000023283","19.674999999813735","true","true","true"
"chrome","Asus X55CR","astro","ubuntu","720p50_parkrun_ter","WebM","380.80000000004657","350.02499999990687","40.12500000023283","93.52499999967404","86.7750000001397","9.974999999860302","false","false","false"
"chrome","Asus X55CR","astro","ubuntu","Netflix_Aerial_4096x2160_60fps_8bit_420","WebM","400.95000000018626","389.8000000002794","97.42499999981374","96.04999999981374","94","23.475000000093132","false","false","false"
"chrome","Asus X55CR","astro","ubuntu","sintel_trailer_2k_1080p24_lowBitrate","WebM","149.44999999995343","79.125","55.375","34.200000000186265","17.62500000023283","19.674999999813735","true","true","true"
"firefox","Asus X55CR","astro","ubuntu","720p50_parkrun_ter","H265","163","194.25","58.25","55.75","68.25","12.75","true","true","true"
"firefox","Asus X55CR","astro","ubuntu","Netflix_Aerial_4096x2160_60fps_8bit_420","H265","169.25","210.25","58.25","57","71.5","14.75","true","true","true"
"firefox","Asus X55CR","astro","ubuntu","sintel_trailer_2k_1080p24_lowBitrate","H265","148.25","183.75","54.25","48.25","57.75","12.25","true","true","true"
"firefox","Asus X55CR","astro","ubuntu","720p50_parkrun_ter","WebM","4229.25","494","12176","1286","145","3036.25","false","false","false"
"firefox","Asus X55CR","astro","ubuntu","Netflix_Aerial_4096x2160_60fps_8bit_420","WebM","12717","787.5","365.25","4128","310","120.5","false","false","false"
"firefox","Asus X55CR","astro","ubuntu","sintel_trailer_2k_1080p24_lowBitrate","WebM","148.25","183.75","54.25","48.25","57.75","12.25","true","true","true"
"chrome","Asus X55CR","gatsby","ubuntu","720p50_parkrun_ter","H265","178.17499999981374","139.47499999962747","244.0250000001397","44.27499999990687","34.22500000009313","86.67500000004657","true","true","true"
"chrome","Asus X55CR","gatsby","ubuntu","Netflix_Aerial_4096x2160_60fps_8bit_420","H265","387.5749999997206","313.6500000001397","70.70000000018626","94.42499999981374","76.45000000018626","19.200000000186265","true","true","true"
"chrome","Asus X55CR","gatsby","ubuntu","sintel_trailer_2k_1080p24_lowBitrate","H265","82","128.42500000004657","86.35000000032596","17.7750000001397","30.449999999953434","26.675000000279397","true","true","true"
"chrome","Asus X55CR","gatsby","ubuntu","720p50_parkrun_ter","WebM","286.8499999998603","387.17500000004657","null","70.3000000002794","96.7750000001397","null","false","false","true"
"chrome","Asus X55CR","gatsby","ubuntu","Netflix_Aerial_4096x2160_60fps_8bit_420","WebM","634","95.30000000004657","82.44999999995343","158.5999999998603","23.700000000419095","19.550000000046566","false","false","false"
"chrome","Asus X55CR","gatsby","ubuntu","sintel_trailer_2k_1080p24_lowBitrate","WebM","82","128.42500000004657","86.35000000032596","17.7750000001397","30.449999999953434","26.675000000279397","true","true","true"
"firefox","Asus X55CR","gatsby","ubuntu","720p50_parkrun_ter","H265","152.25","290","46","53.5","80.5","12.5","true","true","true"
"firefox","Asus X55CR","gatsby","ubuntu","Netflix_Aerial_4096x2160_60fps_8bit_420","H265","164.75","188.25","46.5","58.5","61.5","13.25","true","true","true"
"firefox","Asus X55CR","gatsby","ubuntu","sintel_trailer_2k_1080p24_lowBitrate","H265","179.75","148.5","46.5","58","51.25","11.5","true","true","true"
"firefox","Asus X55CR","gatsby","ubuntu","720p50_parkrun_ter","WebM","4173.75","540.75","null","1273.25","152.25","null","false","false","true"
"firefox","Asus X55CR","gatsby","ubuntu","Netflix_Aerial_4096x2160_60fps_8bit_420","WebM","11903.25","733","402.75","3846","291","147.75","false","false","false"
"firefox","Asus X55CR","gatsby","ubuntu","sintel_trailer_2k_1080p24_lowBitrate","WebM","179.75","148.5","46.5","58","51.25","11.5","true","true","true"
"chrome","Asus X55CR","next","ubuntu","720p50_parkrun_ter","H265","119.77500000002328","128.20000000018626","306.449999999837","29.775000000023283","31.975000000209548","99.57499999995343","true","true","true"
"chrome","Asus X55CR","next","ubuntu","Netflix_Aerial_4096x2160_60fps_8bit_420","H265","312.95000000006985","284.1500000001397","77.7750000001397","76.69999999995343","68.10000000009313","28.300000000046566","true","true","true"
"chrome","Asus X55CR","next","ubuntu","sintel_trailer_2k_1080p24_lowBitrate","H265","117.57500000018626","101.82499999983702","107.87499999988358","25.875","23.67499999993015","31.79999999993015","true","true","true"
"chrome","Asus X55CR","next","ubuntu","720p50_parkrun_ter","WebM","430.07499999995343","387.64999999979045","22.699999999953434","109.22499999997672","93.89999999990687","null","false","false","false"
"chrome","Asus X55CR","next","ubuntu","Netflix_Aerial_4096x2160_60fps_8bit_420","WebM","666.0749999999534","410.4000000001397","137.70000000018626","166.34999999997672","101.45000000006985","32.92499999993015","false","false","false"
"chrome","Asus X55CR","next","ubuntu","sintel_trailer_2k_1080p24_lowBitrate","WebM","117.57500000018626","101.82499999983702","107.87499999988358","25.875","23.67499999993015","31.79999999993015","true","true","true"
"firefox","Asus X55CR","next","ubuntu","720p50_parkrun_ter","H265","139","377","51.5","49.5","121.25","15","true","true","true"
"firefox","Asus X55CR","next","ubuntu","Netflix_Aerial_4096x2160_60fps_8bit_420","H265","157.75","156.25","56.25","51","51.5","15","true","true","true"
"firefox","Asus X55CR","next","ubuntu","sintel_trailer_2k_1080p24_lowBitrate","H265","144","135.5","76.25","49.75","46.25","30.25","true","true","true"
"firefox","Asus X55CR","next","ubuntu","720p50_parkrun_ter","WebM","4979.75","570.25","12215.75","1549.75","159.5","null","false","false","false"
"firefox","Asus X55CR","next","ubuntu","Netflix_Aerial_4096x2160_60fps_8bit_420","WebM","12394.25","750.5","362","3996.75","300.5","114.75","false","false","false"
"firefox","Asus X55CR","next","ubuntu","sintel_trailer_2k_1080p24_lowBitrate","WebM","144","135.5","76.25","49.75","46.25","30.25","true","true","true"
"chrome","Asus X55CR","react","ubuntu","720p50_parkrun_ter","H265","170.625","134.80000000004657","246.67500000004657","40.74999999976717","32.5999999998603","78.8000000002794","true","true","true"
"chrome","Asus X55CR","react","ubuntu","Netflix_Aerial_4096x2160_60fps_8bit_420","H265","281.7750000001397","273.54999999981374","63.89999999990687","66.85000000032596","68.07499999995343","18.075000000419095","true","true","true"
"chrome","Asus X55CR","react","ubuntu","sintel_trailer_2k_1080p24_lowBitrate","H265","134.42500000004657","91.12499999976717","68.5999999998603","28.49999999976717","21.87499999976717","22.37499999953434","true","true","true"
"chrome","Asus X55CR","react","ubuntu","720p50_parkrun_ter","WebM","339.125","395.37500000023283","38.14999999990687","83.52499999967404","98.125","8.874999999534339","false","false","false"
"chrome","Asus X55CR","react","ubuntu","Netflix_Aerial_4096x2160_60fps_8bit_420","WebM","381.25000000023283","116.32500000018626","121.875","95.07500000018626","28.200000000419095","29.475000000093132","false","false","false"
"chrome","Asus X55CR","react","ubuntu","sintel_trailer_2k_1080p24_lowBitrate","WebM","134.42500000004657","91.12499999976717","68.5999999998603","28.49999999976717","21.87499999976717","22.37499999953434","true","true","true"
"firefox","Asus X55CR","react","ubuntu","720p50_parkrun_ter","H265","144.75","271.5","52.5","54.75","82","13.5","true","true","true"
"firefox","Asus X55CR","react","ubuntu","Netflix_Aerial_4096x2160_60fps_8bit_420","H265","152","180","49.25","56","67.25","14","true","true","true"
"firefox","Asus X55CR","react","ubuntu","sintel_trailer_2k_1080p24_lowBitrate","H265","174","168.5","57","62.75","55.5","14.25","true","true","true"
"firefox","Asus X55CR","react","ubuntu","720p50_parkrun_ter","WebM","4109.75","450","12178.75","1251.75","134","3033.75","false","false","false"
"firefox","Asus X55CR","react","ubuntu","Netflix_Aerial_4096x2160_60fps_8bit_420","WebM","11824.25","839.75","375.5","3815.75","307.5","123.25","false","false","false"
"firefox","Asus X55CR","react","ubuntu","sintel_trailer_2k_1080p24_lowBitrate","WebM","174","168.5","57","62.75","55.5","14.25","true","true","true"
"chrome","Asus X55CR","remix","ubuntu","720p50_parkrun_ter","H265","161.6750000002794","130.47500000009313","190.89999999990687","38.0999999998603","31.299999999813735","61.074999999953434","true","true","true"
"chrome","Asus X55CR","remix","ubuntu","Netflix_Aerial_4096x2160_60fps_8bit_420","H265","303.2750000001397","345.69999999995343","74.25","75.3000000002794","85.19999999995343","19.37499999976717","true","true","true"
"chrome","Asus X55CR","remix","ubuntu","sintel_trailer_2k_1080p24_lowBitrate","H265","146.89999999990687","116.85000000009313","71.85000000032596","33.85000000009313","26.825000000186265","20.300000000279397","true","true","true"
"chrome","Asus X55CR","remix","ubuntu","720p50_parkrun_ter","WebM","323.39999999967404","381.57499999995343","21.649999999906868","80.50000000023283","94.92500000004657","null","false","false","false"
"chrome","Asus X55CR","remix","ubuntu","Netflix_Aerial_4096x2160_60fps_8bit_420","WebM","544.9750000005588","415.875","144.02499999990687","135.02500000037253","103.3499999998603","36.050000000046566","false","false","false"
"chrome","Asus X55CR","remix","ubuntu","sintel_trailer_2k_1080p24_lowBitrate","WebM","146.89999999990687","116.85000000009313","71.85000000032596","33.85000000009313","26.825000000186265","20.300000000279397","true","true","true"
"firefox","Asus X55CR","remix","ubuntu","720p50_parkrun_ter","H265","157.5","143.25","53.75","53.75","51","14.75","true","true","true"
"firefox","Asus X55CR","remix","ubuntu","Netflix_Aerial_4096x2160_60fps_8bit_420","H265","200.25","155","45.5","78.25","56.75","12","true","true","true"
"firefox","Asus X55CR","remix","ubuntu","sintel_trailer_2k_1080p24_lowBitrate","H265","190.75","146.25","55.5","57","50","12.25","true","true","true"
"firefox","Asus X55CR","remix","ubuntu","720p50_parkrun_ter","WebM","237.75","44.75","null","88.5","11.25","null","false","false","true"
"firefox","Asus X55CR","remix","ubuntu","Netflix_Aerial_4096x2160_60fps_8bit_420","WebM","1179.25","279.75","200","450","101.75","74.5","false","false","false"
"firefox","Asus X55CR","remix","ubuntu","sintel_trailer_2k_1080p24_lowBitrate","WebM","190.75","146.25","55.5","57","50","12.25","true","true","true"
"chrome","Desktop PC","astro","ubuntu","720p50_parkrun_ter","H265","59.24999999994179","54.300000000046566","88.84999999997672","14.375","13.225000000034925","30.074999999953434","true","true","true"
"chrome","Desktop PC","astro","ubuntu","Netflix_Aerial_4096x2160_60fps_8bit_420","H265","89.82500000006985","87.67500000004657","47.524999999965075","22.95000000006985","21.725000000093132","16.625000000058208","true","true","true"
"chrome","Desktop PC","astro","ubuntu","sintel_trailer_2k_1080p24_lowBitrate","H265","42.57500000001164","55.125","39.249999999883585","10","13.550000000046566","12.999999999941792","true","true","true"
"chrome","Desktop PC","astro","ubuntu","720p50_parkrun_ter","WebM","93.67499999998836","29.374999999941792","28.225000000034925","23.82500000001164","6.874999999941792","6.574999999953434","false","false","false"
"chrome","Desktop PC","astro","ubuntu","Netflix_Aerial_4096x2160_60fps_8bit_420","WebM","153.95000000006985","63.87500000005821","19.099999999976717","39.25000000005821","15.750000000058208","4.499999999941792","false","false","false"
"chrome","Desktop PC","astro","ubuntu","sintel_trailer_2k_1080p24_lowBitrate","WebM","42.57500000001164","55.125","39.249999999883585","10","13.550000000046566","12.999999999941792","true","true","true"
"firefox","Desktop PC","astro","ubuntu","720p50_parkrun_ter","H265","76.25","83.75","43.5","26.5","25.25","12.25","true","true","true"
"firefox","Desktop PC","astro","ubuntu","Netflix_Aerial_4096x2160_60fps_8bit_420","H265","73","80","30.5","24.25","27.75","8","true","true","true"
"firefox","Desktop PC","astro","ubuntu","sintel_trailer_2k_1080p24_lowBitrate","H265","92.5","72","34.5","27.5","24","8.25","true","true","true"
"firefox","Desktop PC","astro","ubuntu","720p50_parkrun_ter","WebM","203","36.25","36.75","72","9","9","false","false","false"
"firefox","Desktop PC","astro","ubuntu","Netflix_Aerial_4096x2160_60fps_8bit_420","WebM","1106.25","382","305.5","442","145.5","114","false","false","false"
"firefox","Desktop PC","astro","ubuntu","sintel_trailer_2k_1080p24_lowBitrate","WebM","92.5","72","34.5","27.5","24","8.25","true","true","true"
"chrome","Desktop PC","gatsby","ubuntu","720p50_parkrun_ter","H265","112.07499999995343","196.9000000001397","345.20000000006985","27.875","48.125","113.39999999979045","true","true","true"
"chrome","Desktop PC","gatsby","ubuntu","Netflix_Aerial_4096x2160_60fps_8bit_420","H265","238.92500000016298","223.5999999998603","183.62500000011642","59.52500000002328","54.84999999997672","80.5","true","true","true"
"chrome","Desktop PC","gatsby","ubuntu","sintel_trailer_2k_1080p24_lowBitrate","H265","81.04999999981374","127.77500000002328","105.4749999998603","18.599999999976717","29.400000000023283","31.775000000023283","true","true","true"
"chrome","Desktop PC","gatsby","ubuntu","720p50_parkrun_ter","WebM","419.32500000006985","321.0000000001164","null","105.25","80.375","null","false","false","true"
"chrome","Desktop PC","gatsby","ubuntu","Netflix_Aerial_4096x2160_60fps_8bit_420","WebM","566.9499999999534","328.175000000163","134.12500000011642","139.97499999997672","81.80000000016298","32.875","false","false","false"
"chrome","Desktop PC","gatsby","ubuntu","sintel_trailer_2k_1080p24_lowBitrate","WebM","81.04999999981374","127.77500000002328","105.4749999998603","18.599999999976717","29.400000000023283","31.775000000023283","true","true","true"
"firefox","Desktop PC","gatsby","ubuntu","720p50_parkrun_ter","H265","171.25","288.5","30","59.75","87.25","7.5","true","true","true"
"firefox","Desktop PC","gatsby","ubuntu","Netflix_Aerial_4096x2160_60fps_8bit_420","H265","181.75","199.5","34.5","64","71","12","true","true","true"
"firefox","Desktop PC","gatsby","ubuntu","sintel_trailer_2k_1080p24_lowBitrate","H265","155.5","155.75","41.25","51.5","53.5","10.5","true","true","true"
"firefox","Desktop PC","gatsby","ubuntu","720p50_parkrun_ter","WebM","3212.5","420.75","34.25","991","126.75","null","false","false","false"
"firefox","Desktop PC","gatsby","ubuntu","Netflix_Aerial_4096x2160_60fps_8bit_420","WebM","9482.75","712","325.75","3085.75","282","119.5","false","false","false"
"firefox","Desktop PC","gatsby","ubuntu","sintel_trailer_2k_1080p24_lowBitrate","WebM","155.5","155.75","41.25","51.5","53.5","10.5","true","true","true"
"chrome","Desktop PC","next","ubuntu","720p50_parkrun_ter","H265","76.77499999996508","109.94999999995343","135.69999999995343","18.899999999965075","26.07500000001164","47.175000000104774","true","true","true"
"chrome","Desktop PC","next","ubuntu","Netflix_Aerial_4096x2160_60fps_8bit_420","H265","206.9749999998603","94.875","104.84999999997672","51.42499999998836","21.525000000023283","32.22499999991851","true","true","true"
"chrome","Desktop PC","next","ubuntu","sintel_trailer_2k_1080p24_lowBitrate","H265","82.47500000009313","112.17499999993015","83.45000000001164","18.675000000046566","28.724999999976717","34.59999999997672","true","true","true"
"chrome","Desktop PC","next","ubuntu","720p50_parkrun_ter","WebM","134.74999999988358","67.15000000002328","25.82500000006985","33.42499999998836","17.125","5.625","false","false","false"
"chrome","Desktop PC","next","ubuntu","Netflix_Aerial_4096x2160_60fps_8bit_420","WebM","223.19999999995343","27.25","42.67499999998836","55.5","6.824999999895226","9.950000000011642","false","false","false"
"chrome","Desktop PC","next","ubuntu","sintel_trailer_2k_1080p24_lowBitrate","WebM","82.47500000009313","112.17499999993015","83.45000000001164","18.675000000046566","28.724999999976717","34.59999999997672","true","true","true"
"firefox","Desktop PC","next","ubuntu","720p50_parkrun_ter","H265","158.5","394.25","40.75","52.75","111.75","11","true","true","true"
"firefox","Desktop PC","next","ubuntu","Netflix_Aerial_4096x2160_60fps_8bit_420","H265","198.25","182.5","44","72.75","62.25","10.25","true","true","true"
"firefox","Desktop PC","next","ubuntu","sintel_trailer_2k_1080p24_lowBitrate","H265","154.5","162.5","39.75","52","55","11","true","true","true"
"firefox","Desktop PC","next","ubuntu","720p50_parkrun_ter","WebM","3375","507.75","126.75","1030.5","156.75","null","false","false","false"
"firefox","Desktop PC","next","ubuntu","Netflix_Aerial_4096x2160_60fps_8bit_420","WebM","10824.25","743.25","315.5","3519","290.5","112.75","false","false","false"
"firefox","Desktop PC","next","ubuntu","sintel_trailer_2k_1080p24_lowBitrate","WebM","154.5","162.5","39.75","52","55","11","true","true","true"
"chrome","Desktop PC","react","ubuntu","720p50_parkrun_ter","H265","74.20000000001164","96.77499999990687","114.07500000001164","18.29999999993015","22.824999999953434","43.574999999895226","true","true","true"
"chrome","Desktop PC","react","ubuntu","Netflix_Aerial_4096x2160_60fps_8bit_420","H265","120.45000000001164","125.40000000002328","118.30000000010477","30.850000000034925","31.45000000001164","55.84999999997672","true","true","true"
"chrome","Desktop PC","react","ubuntu","sintel_trailer_2k_1080p24_lowBitrate","H265","79.42499999998836","48.84999999997672","127.07499999995343","17.749999999941792","10.624999999941792","61.09999999997672","true","true","true"
"chrome","Desktop PC","react","ubuntu","720p50_parkrun_ter","WebM","120.02499999996508","23.150000000023283","21.625000000058208","29.375","5.649999999965075","4.5750000000116415","false","false","false"
"chrome","Desktop PC","react","ubuntu","Netflix_Aerial_4096x2160_60fps_8bit_420","WebM","133.7750000000815","77.87500000005821","22.79999999998836","32.95000000001164","18.875","5.375","false","false","false"
"chrome","Desktop PC","react","ubuntu","sintel_trailer_2k_1080p24_lowBitrate","WebM","79.42499999998836","48.84999999997672","127.07499999995343","17.749999999941792","10.624999999941792","61.09999999997672","true","true","true"
"firefox","Desktop PC","react","ubuntu","720p50_parkrun_ter","H265","121.5","149.25","84","35.5","57","21.25","true","true","true"
"firefox","Desktop PC","react","ubuntu","Netflix_Aerial_4096x2160_60fps_8bit_420","H265","124.75","129.75","72.5","38.25","42.5","20.5","true","true","true"
"firefox","Desktop PC","react","ubuntu","sintel_trailer_2k_1080p24_lowBitrate","H265","98.75","119.75","52.25","31.75","38","12.5","true","true","true"
"firefox","Desktop PC","react","ubuntu","720p50_parkrun_ter","WebM","469","112.25","12213","186.75","34","3053.5","false","false","false"
"firefox","Desktop PC","react","ubuntu","Netflix_Aerial_4096x2160_60fps_8bit_420","WebM","1954","383.75","336.75","687.75","144.5","123.75","false","false","false"
"firefox","Desktop PC","react","ubuntu","sintel_trailer_2k_1080p24_lowBitrate","WebM","98.75","119.75","52.25","31.75","38","12.5","true","true","true"
"chrome","Desktop PC","remix","ubuntu","720p50_parkrun_ter","H265","116.22499999991851","132.54999999993015","301.625","28.449999999953434","31.574999999953434","108.75000000005821","true","true","true"
"chrome","Desktop PC","remix","ubuntu","Netflix_Aerial_4096x2160_60fps_8bit_420","H265","273.57500000001164","257.6500000000233","169.89999999996508","68.54999999998836","62.34999999997672","75.89999999996508","true","true","true"
"chrome","Desktop PC","remix","ubuntu","sintel_trailer_2k_1080p24_lowBitrate","H265","146.97499999997672","88.25000000005821","84.29999999998836","36.34999999997672","21.57500000006985","25.399999999906868","true","true","true"
"chrome","Desktop PC","remix","ubuntu","720p50_parkrun_ter","WebM","391.375","310.55000000004657","null","98.44999999995343","76.94999999995343","null","false","false","true"
"chrome","Desktop PC","remix","ubuntu","Netflix_Aerial_4096x2160_60fps_8bit_420","WebM","699.2000000000116","106","128.7499999999418","175.45000000001164","25.875000000058208","31.524999999906868","false","false","false"
"chrome","Desktop PC","remix","ubuntu","sintel_trailer_2k_1080p24_lowBitrate","WebM","146.97499999997672","88.25000000005821","84.29999999998836","36.34999999997672","21.57500000006985","25.399999999906868","true","true","true"
"firefox","Desktop PC","remix","ubuntu","720p50_parkrun_ter","H265","323.75","549.5","131.75","111.75","159.25","46.25","true","true","true"
"firefox","Desktop PC","remix","ubuntu","Netflix_Aerial_4096x2160_60fps_8bit_420","H265","292.25","349","132.25","102.75","122.5","42.25","true","true","true"
"firefox","Desktop PC","remix","ubuntu","sintel_trailer_2k_1080p24_lowBitrate","H265","331.75","277.25","107.5","119.5","93.25","28.75","true","true","true"
"firefox","Desktop PC","remix","ubuntu","720p50_parkrun_ter","WebM","4521.25","699.75","12726.5","1348.5","207.5","null","false","false","false"
"firefox","Desktop PC","remix","ubuntu","Netflix_Aerial_4096x2160_60fps_8bit_420","WebM","11563.25","794.5","557","3774.25","314","215.25","false","false","false"
"firefox","Desktop PC","remix","ubuntu","sintel_trailer_2k_1080p24_lowBitrate","WebM","331.75","277.25","107.5","119.5","93.25","28.75","true","true","true"
"chrome","Desktop PC","next","windows 10","720p50_parkrun_ter","H265","239.77500000002328","199.44999999995343","85.42500000016298","60.27500000002328","49.925000000046566","33.824999999953434","false","false","true"
"chrome","Desktop PC","next","windows 10","Netflix_Aerial_4096x2160_60fps_8bit_420","H265","166.30000000016298","288.7499999998836","170.74999999988358","42.70000000006985","73.84999999997672","48.424999999813735","false","false","true"
"chrome","Desktop PC","next","windows 10","sintel_trailer_2k_1080p24_lowBitrate","H265","158.30000000016298","227.45000000018626","84.42500000004657","39.72499999997672","57.500000000116415","36.95000000006985","false","false","true"
"chrome","Desktop PC","next","windows 10","720p50_parkrun_ter","WebM","139.52500000002328","58.625","null","34.699999999953434","14.699999999953434","null","false","false","true"
"chrome","Desktop PC","next","windows 10","Netflix_Aerial_4096x2160_60fps_8bit_420","WebM","233.22500000020955","63.02500000002328","34.449999999953434","58.574999999953434","15.475000000093132","7.349999999976717","false","false","false"
"chrome","Desktop PC","next","windows 10","sintel_trailer_2k_1080p24_lowBitrate","WebM","158.30000000016298","227.45000000018626","84.42500000004657","39.72499999997672","57.500000000116415","36.95000000006985","false","false","true"
"chrome","Desktop PC","astro","windows 10","720p50_parkrun_ter","H265","159.34999999962747","110.12500000046566","59.049999999348074","55.39999999944121","34.35000000009313","16.924999999813735","false","false","true"
"chrome","Desktop PC","astro","windows 10","Netflix_Aerial_4096x2160_60fps_8bit_420","H265","166.05000000074506","175.625","54.62500000046566","54.200000000186265","54.125","12.999999999534339","false","false","true"
"chrome","Desktop PC","astro","windows 10","sintel_trailer_2k_1080p24_lowBitrate","H265","98.99999999953434","139.44999999925494","56.875","35.4499999997206","51.72499999962747","16.02500000037253","false","false","true"
"chrome","Desktop PC","astro","windows 10","720p50_parkrun_ter","WebM","97.72500000009313","65.6000000005588","63.09999999962747","31.300000000279397","24.725000000093132","19.47499999962747","false","false","false"
"chrome","Desktop PC","astro","windows 10","Netflix_Aerial_4096x2160_60fps_8bit_420","WebM","282.72499999962747","74.7250000005588","76.10000000009313","113.1999999997206","28.299999999348074","25.62500000046566","false","false","false"
"chrome","Desktop PC","astro","windows 10","sintel_trailer_2k_1080p24_lowBitrate","WebM","98.99999999953434","139.44999999925494","56.875","35.4499999997206","51.72499999962747","16.02500000037253","false","false","true"
"firefox","Desktop PC","astro","windows 10","720p50_parkrun_ter","H265","147.25","120.75","76.75","58.25","54","27","true","true","true"
"firefox","Desktop PC","astro","windows 10","Netflix_Aerial_4096x2160_60fps_8bit_420","H265","98","136.25","62","34.25","48.5","19","true","true","true"
"firefox","Desktop PC","astro","windows 10","sintel_trailer_2k_1080p24_lowBitrate","H265","83.5","101.25","55.5","29.5","35.5","15.5","true","true","true"
"firefox","Desktop PC","astro","windows 10","720p50_parkrun_ter","WebM","377.5","122.25","6109","172.75","37.5","1528.5","false","false","false"
"firefox","Desktop PC","astro","windows 10","Netflix_Aerial_4096x2160_60fps_8bit_420","WebM","1315.5","231","250.25","580.25","87.25","93.25","false","false","false"
"firefox","Desktop PC","astro","windows 10","sintel_trailer_2k_1080p24_lowBitrate","WebM","83.5","101.25","55.5","29.5","35.5","15.5","true","true","true"
"chrome","Desktop PC","gatsby","windows 10","720p50_parkrun_ter","H265","260.8749999990687","199.27499999990687","48.64999999944121","78.09999999962747","69.22500000009313","21.274999999906868","false","false","true"
"chrome","Desktop PC","gatsby","windows 10","Netflix_Aerial_4096x2160_60fps_8bit_420","H265","196.92499999981374","281.99999999953434","81.35000000102445","58.075000000186265","84.4499999997206","21.625","false","false","true"
"chrome","Desktop PC","gatsby","windows 10","sintel_trailer_2k_1080p24_lowBitrate","H265","130.3500000005588","108.79999999934807","68.7749999994412","42.424999999813735","41.99999999953434","30.274999999906868","false","false","true"
"chrome","Desktop PC","gatsby","windows 10","720p50_parkrun_ter","WebM","105.09999999962747","57.549999999348074","null","40.0749999997206","22.049999999813735","null","false","false","true"
"chrome","Desktop PC","gatsby","windows 10","Netflix_Aerial_4096x2160_60fps_8bit_420","WebM","139.70000000065193","84.45000000065193","71.3500000005588","42.77499999990687","32.14999999990687","26","false","false","false"
"chrome","Desktop PC","gatsby","windows 10","sintel_trailer_2k_1080p24_lowBitrate","WebM","130.3500000005588","108.79999999934807","68.7749999994412","42.424999999813735","41.99999999953434","30.274999999906868","false","false","true"
"firefox","Desktop PC","gatsby","windows 10","720p50_parkrun_ter","H265","108.5","191","101.75","40.25","69.75","28.75","true","true","true"
"firefox","Desktop PC","gatsby","windows 10","Netflix_Aerial_4096x2160_60fps_8bit_420","H265","128.25","161","52.5","44.75","53.5","16.25","true","true","true"
"firefox","Desktop PC","gatsby","windows 10","sintel_trailer_2k_1080p24_lowBitrate","H265","78.5","84.5","64.75","29.25","30","26.75","true","true","true"
"firefox","Desktop PC","gatsby","windows 10","720p50_parkrun_ter","WebM","235.25","96","null","173.25","34.25","null","false","false","true"
"firefox","Desktop PC","gatsby","windows 10","Netflix_Aerial_4096x2160_60fps_8bit_420","WebM","763","176.25","242.5","479.25","57.75","80.5","false","false","false"
"firefox","Desktop PC","gatsby","windows 10","sintel_trailer_2k_1080p24_lowBitrate","WebM","78.5","84.5","64.75","29.25","30","26.75","true","true","true"
"firefox","Desktop PC","next","windows 10","720p50_parkrun_ter","H265","85.25","105","47.5","30.75","40.25","13.75","true","true","true"
"firefox","Desktop PC","next","windows 10","Netflix_Aerial_4096x2160_60fps_8bit_420","H265","158.25","147","51","53.75","46","14.5","true","true","true"
"firefox","Desktop PC","next","windows 10","sintel_trailer_2k_1080p24_lowBitrate","H265","100.5","87","55.75","33.25","31","16.25","true","true","true"
"firefox","Desktop PC","next","windows 10","720p50_parkrun_ter","WebM","381.25","120.5","22836.75","174.5","37.5","null","false","false","false"
"firefox","Desktop PC","next","windows 10","Netflix_Aerial_4096x2160_60fps_8bit_420","WebM","1187.75","244.5","251.5","513.75","86","92.25","false","false","false"
"firefox","Desktop PC","next","windows 10","sintel_trailer_2k_1080p24_lowBitrate","WebM","100.5","87","55.75","33.25","31","16.25","true","true","true"
"chrome","Desktop PC","react","windows 10","720p50_parkrun_ter","H265","144.07500000018626","151.4250000002794","112.32500000065193","50.65000000037253","49.02499999990687","28.875","false","false","true"
"chrome","Desktop PC","react","windows 10","Netflix_Aerial_4096x2160_60fps_8bit_420","H265","191.4499999997206","155.69999999925494","53.52500000037253","62.19999999925494","49.375","14.600000000558794","false","false","true"
"chrome","Desktop PC","react","windows 10","sintel_trailer_2k_1080p24_lowBitrate","H265","130.5500000002794","104.59999999916181","72.25","47.450000000186265","35.8249999997206","23.59999999962747","false","false","true"
"chrome","Desktop PC","react","windows 10","720p50_parkrun_ter","WebM","87.35000000009313","62.200000000651926","50.325000000186265","37.97500000009313","21.25000000046566","13.799999999813735","false","false","false"
"chrome","Desktop PC","react","windows 10","Netflix_Aerial_4096x2160_60fps_8bit_420","WebM","273.5249999994412","79.9750000005588","69.62499999953434","107.47499999962747","28.850000000558794","22.824999999720603","false","false","false"
"chrome","Desktop PC","react","windows 10","sintel_trailer_2k_1080p24_lowBitrate","WebM","130.5500000002794","104.59999999916181","72.25","47.450000000186265","35.8249999997206","23.59999999962747","false","false","true"
"firefox","Desktop PC","react","windows 10","720p50_parkrun_ter","H265","76.75","82.75","36.5","28","30.5","10.5","true","true","true"
"firefox","Desktop PC","react","windows 10","Netflix_Aerial_4096x2160_60fps_8bit_420","H265","82.5","79.5","37.75","28","28.5","10.5","true","true","true"
"firefox","Desktop PC","react","windows 10","sintel_trailer_2k_1080p24_lowBitrate","H265","85.5","87.75","36.25","30.25","29.75","10.5","true","true","true"
"firefox","Desktop PC","react","windows 10","720p50_parkrun_ter","WebM","130","43","108","46.75","14","27","false","false","false"
"firefox","Desktop PC","react","windows 10","Netflix_Aerial_4096x2160_60fps_8bit_420","WebM","403.5","138.5","138","151.25","53.75","49","false","false","false"
"firefox","Desktop PC","react","windows 10","sintel_trailer_2k_1080p24_lowBitrate","WebM","85.5","87.75","36.25","30.25","29.75","10.5","true","true","true"
"chrome","Desktop PC","remix","windows 10","720p50_parkrun_ter","H265","191.32499999995343","78.17499999993015","91.84999999997672","48.199999999953434","20.399999999906868","30.75","false","false","true"
"chrome","Desktop PC","remix","windows 10","Netflix_Aerial_4096x2160_60fps_8bit_420","H265","249.52500000002328","136.79999999993015","54.10000000009313","63.125","34.79999999993015","22.07500000006985","false","false","true"
"chrome","Desktop PC","remix","windows 10","sintel_trailer_2k_1080p24_lowBitrate","H265","218.50000000011642","112.47499999997672","84.57499999995343","55.47500000009313","28.9000000001397","35.300000000046566","false","false","true"
"chrome","Desktop PC","remix","windows 10","720p50_parkrun_ter","WebM","209.64999999979045","37.77499999990687","null","49.625","9.249999999883585","null","false","false","true"
"chrome","Desktop PC","remix","windows 10","Netflix_Aerial_4096x2160_60fps_8bit_420","WebM","568.5250000001397","50.7249999998603","24.800000000046566","142.20000000006985","12.125","6.175000000046566","false","false","false"
"chrome","Desktop PC","remix","windows 10","sintel_trailer_2k_1080p24_lowBitrate","WebM","218.50000000011642","112.47499999997672","84.57499999995343","55.47500000009313","28.9000000001397","35.300000000046566","false","false","true"
"firefox","Desktop PC","remix","windows 10","720p50_parkrun_ter","H265","104.25","171.5","41.5","36.25","56.75","12.75","true","true","true"
"firefox","Desktop PC","remix","windows 10","Netflix_Aerial_4096x2160_60fps_8bit_420","H265","98","115","50","35.25","46.5","15.75","true","true","true"
"firefox","Desktop PC","remix","windows 10","sintel_trailer_2k_1080p24_lowBitrate","H265","82.75","117","53","30.75","41.5","16.5","true","true","true"
"firefox","Desktop PC","remix","windows 10","720p50_parkrun_ter","WebM","440.75","132.25","8704.5","204.5","41","null","false","false","false"
"firefox","Desktop PC","remix","windows 10","Netflix_Aerial_4096x2160_60fps_8bit_420","WebM","1182","227","215.25","512.25","75","73.5","false","false","false"
"firefox","Desktop PC","remix","windows 10","sintel_trailer_2k_1080p24_lowBitrate","WebM","82.75","117","53","30.75","41.5","16.5","true","true","true"
"chrome","Lenovo 20Y7003XGE","next","Windows 11","720p50_parkrun_ter","H265","11.75","35.04999999998836","30.574999999982538","3.3999999999941792","8.424999999959255","8.674999999988358","false","false","true"
"chrome","Lenovo 20Y7003XGE","next","Windows 11","Netflix_Aerial_4096x2160_60fps_8bit_420","H265","17.92499999998836","32.17499999998836","27.550000000046566","4.9500000000116415","8.125000000029104","7.2000000000116415","false","false","true"
"chrome","Lenovo 20Y7003XGE","next","Windows 11","sintel_trailer_2k_1080p24_lowBitrate","H265","11.125000000029104","10.85000000000582","22.524999999965075","3.150000000023283","2.9500000000116415","7.274999999994179","false","false","true"
"chrome","Lenovo 20Y7003XGE","next","Windows 11","720p50_parkrun_ter","WebM","28.724999999976717","27.674999999959255","19.549999999959255","6.875","6.7999999999883585","null","false","false","false"
"chrome","Lenovo 20Y7003XGE","next","Windows 11","Netflix_Aerial_4096x2160_60fps_8bit_420","WebM","26.77499999999418","21.124999999970896","17.17499999998836","6.7000000000116415","4.9249999999883585","3.9750000000058208","false","false","false"
"chrome","Lenovo 20Y7003XGE","next","Windows 11","sintel_trailer_2k_1080p24_lowBitrate","WebM","11.125000000029104","10.85000000000582","22.524999999965075","3.150000000023283","2.9500000000116415","7.274999999994179","false","false","true"
"chrome","Lenovo 20Y7003XGE","react","Windows 11","720p50_parkrun_ter","H265","12.849999999860302","13.524999999906868","22.6500000001397","2.950000000069849","3.4749999998603016","6.700000000069849","false","false","true"
"chrome","Lenovo 20Y7003XGE","react","Windows 11","Netflix_Aerial_4096x2160_60fps_8bit_420","H265","14.125","14.274999999790452","22.775000000023283","4.049999999930151","4.649999999906868","6.524999999906868","false","false","true"
"chrome","Lenovo 20Y7003XGE","react","Windows 11","sintel_trailer_2k_1080p24_lowBitrate","H265","14.150000000139698","13.899999999906868","24.04999999993015","3.9000000001396984","4.050000000046566","7.900000000023283","false","false","true"
"chrome","Lenovo 20Y7003XGE","react","Windows 11","720p50_parkrun_ter","WebM","10.974999999976717","19.949999999953434","28.274999999906868","2.1250000002328306","4.699999999953434","3.6999999998370185","false","false","false"
"chrome","Lenovo 20Y7003XGE","react","Windows 11","Netflix_Aerial_4096x2160_60fps_8bit_420","WebM","11.349999999860302","22.324999999953434","17.774999999906868","2.6749999998137355","5.225000000093132","4.274999999906868","false","false","false"
"chrome","Lenovo 20Y7003XGE","react","Windows 11","sintel_trailer_2k_1080p24_lowBitrate","WebM","14.150000000139698","13.899999999906868","24.04999999993015","3.9000000001396984","4.050000000046566","7.900000000023283","false","false","true"
"chrome","Lenovo 20Y7003XGE","remix","Windows 11","720p50_parkrun_ter","H265","38.02500000002328","28.64999999999418","42.449999999953434","9.574999999982538","7.550000000017462","13.27499999999418","false","false","true"
"chrome","Lenovo 20Y7003XGE","remix","Windows 11","Netflix_Aerial_4096x2160_60fps_8bit_420","H265","46.85000000000582","40.374999999970896","25","11.699999999982538","10.175000000046566","8.199999999982538","false","false","true"
"chrome","Lenovo 20Y7003XGE","remix","Windows 11","sintel_trailer_2k_1080p24_lowBitrate","H265","31.075000000040745","26.999999999970896","23.625","7.8250000000116415","7.024999999994179","7.949999999982538","false","false","true"
"chrome","Lenovo 20Y7003XGE","remix","Windows 11","720p50_parkrun_ter","WebM","19.974999999976717","19.675000000046566","16.175000000046566","4.975000000005821","3.974999999976717","null","false","false","false"
"chrome","Lenovo 20Y7003XGE","remix","Windows 11","Netflix_Aerial_4096x2160_60fps_8bit_420","WebM","33.60000000000582","21.250000000029104","20.10000000000582","7.5750000000116415","4.8250000000116415","4.675000000046566","false","false","false"
"chrome","Lenovo 20Y7003XGE","remix","Windows 11","sintel_trailer_2k_1080p24_lowBitrate","WebM","31.075000000040745","26.999999999970896","23.625","7.8250000000116415","7.024999999994179","7.949999999982538","false","false","true"
"chrome","Lenovo 20Y7003XGE","astro","Windows 11","720p50_parkrun_ter","H265","10.500000000116415","37.9000000001397","99.15000000002328","2.9000000001396984","9.650000000023283","25.899999999906868","false","false","true"
"chrome","Lenovo 20Y7003XGE","astro","Windows 11","Netflix_Aerial_4096x2160_60fps_8bit_420","H265","18.349999999976717","39.09999999997672","31.874999999883585","5.324999999953434","10.275000000023283","8.92499999993015","false","false","true"
"chrome","Lenovo 20Y7003XGE","astro","Windows 11","sintel_trailer_2k_1080p24_lowBitrate","H265","11.324999999953434","27.825000000186265","22.82499999983702","3.3750000001164153","7.699999999953434","7.500000000116415","false","false","true"
"chrome","Lenovo 20Y7003XGE","astro","Windows 11","720p50_parkrun_ter","WebM","19.57500000006985","16","15.649999999790452","4.724999999976717","3.2499999998835847","3.75","false","false","false"
"chrome","Lenovo 20Y7003XGE","astro","Windows 11","Netflix_Aerial_4096x2160_60fps_8bit_420","WebM","30.7750000001397","19.775000000023283","16.350000000209548","7.425000000046566","4.774999999906868","3.275000000023283","false","false","false"
"chrome","Lenovo 20Y7003XGE","astro","Windows 11","sintel_trailer_2k_1080p24_lowBitrate","WebM","11.324999999953434","27.825000000186265","22.82499999983702","3.3750000001164153","7.699999999953434","7.500000000116415","false","false","true"
"firefox","Lenovo 20Y7003XGE","astro","Windows 11","720p50_parkrun_ter","H265","125.25","167.75","40.25","46","55.25","11.5","true","true","true"
"firefox","Lenovo 20Y7003XGE","astro","Windows 11","Netflix_Aerial_4096x2160_60fps_8bit_420","H265","200.5","188","37.5","80.75","73.75","11.75","true","true","true"
"firefox","Lenovo 20Y7003XGE","astro","Windows 11","sintel_trailer_2k_1080p24_lowBitrate","H265","177","178.75","40","58","67.5","10.75","true","true","true"
"firefox","Lenovo 20Y7003XGE","astro","Windows 11","720p50_parkrun_ter","WebM","206.5","134.25","159.75","73","50.5","54","false","false","false"
"firefox","Lenovo 20Y7003XGE","astro","Windows 11","Netflix_Aerial_4096x2160_60fps_8bit_420","WebM","655","454.25","392.25","219.75","156.25","143.75","false","false","false"
"firefox","Lenovo 20Y7003XGE","astro","Windows 11","sintel_trailer_2k_1080p24_lowBitrate","WebM","177","178.75","40","58","67.5","10.75","true","true","true"
"chrome","Lenovo 20Y7003XGE","gatsby","Windows 11","720p50_parkrun_ter","H265","33.95000000012806","34.70000000001164","131.42499999998836","8.57500000006985","8.700000000011642","34.699999999953434","false","false","true"
"chrome","Lenovo 20Y7003XGE","gatsby","Windows 11","Netflix_Aerial_4096x2160_60fps_8bit_420","H265","34.44999999983702","35.02500000008149","20.90000000008149","8.84999999991851","9.525000000023283","7.125","false","false","true"
"chrome","Lenovo 20Y7003XGE","gatsby","Windows 11","sintel_trailer_2k_1080p24_lowBitrate","H265","26.32500000006985","24.70000000001164","20.84999999991851","6.799999999930151","6.0750000000116415","6.399999999965075","false","false","true"
"chrome","Lenovo 20Y7003XGE","gatsby","Windows 11","720p50_parkrun_ter","WebM","18.700000000186265","17.299999999871943","null","4.375000000058208","3.849999999976717","null","false","false","true"
"chrome","Lenovo 20Y7003XGE","gatsby","Windows 11","Netflix_Aerial_4096x2160_60fps_8bit_420","WebM","20.92499999998836","19.45000000006985","16.774999999965075","4.975000000034925","4.375","4","false","false","false"
"chrome","Lenovo 20Y7003XGE","gatsby","Windows 11","sintel_trailer_2k_1080p24_lowBitrate","WebM","26.32500000006985","24.70000000001164","20.84999999991851","6.799999999930151","6.0750000000116415","6.399999999965075","false","false","true"
"firefox","Lenovo 20Y7003XGE","gatsby","Windows 11","720p50_parkrun_ter","H265","144.5","121","45.5","57","51.5","13.75","true","true","true"
"firefox","Lenovo 20Y7003XGE","gatsby","Windows 11","Netflix_Aerial_4096x2160_60fps_8bit_420","H265","252.75","225.25","54.5","103.5","88.75","32.5","true","true","true"
"firefox","Lenovo 20Y7003XGE","gatsby","Windows 11","sintel_trailer_2k_1080p24_lowBitrate","H265","138.75","183","35.25","44.5","58","9.5","true","true","true"
"firefox","Lenovo 20Y7003XGE","gatsby","Windows 11","720p50_parkrun_ter","WebM","203.5","158.75","8089.5","77.25","60.5","null","false","false","false"
"firefox","Lenovo 20Y7003XGE","gatsby","Windows 11","Netflix_Aerial_4096x2160_60fps_8bit_420","WebM","585.75","258","244","220","98.75","98.5","false","false","false"
"firefox","Lenovo 20Y7003XGE","gatsby","Windows 11","sintel_trailer_2k_1080p24_lowBitrate","WebM","138.75","183","35.25","44.5","58","9.5","true","true","true"
"firefox","Lenovo 20Y7003XGE","next","Windows 11","720p50_parkrun_ter","H265","85.75","79.25","36.75","29.75","27.25","10.75","true","true","true"
"firefox","Lenovo 20Y7003XGE","next","Windows 11","Netflix_Aerial_4096x2160_60fps_8bit_420","H265","79.25","103","35.25","27.25","41.5","11","true","true","true"
"firefox","Lenovo 20Y7003XGE","next","Windows 11","sintel_trailer_2k_1080p24_lowBitrate","H265","113.75","101.25","42.25","40","41.25","13.75","true","true","true"
"firefox","Lenovo 20Y7003XGE","next","Windows 11","720p50_parkrun_ter","WebM","123","134.5","null","46.5","52.5","null","false","false","false"
"firefox","Lenovo 20Y7003XGE","next","Windows 11","Netflix_Aerial_4096x2160_60fps_8bit_420","WebM","542.25","546.75","449.5","192.5","195.5","167","false","false","false"
"firefox","Lenovo 20Y7003XGE","next","Windows 11","sintel_trailer_2k_1080p24_lowBitrate","WebM","113.75","101.25","42.25","40","41.25","13.75","true","true","true"
"firefox","Lenovo 20Y7003XGE","react","Windows 11","720p50_parkrun_ter","H265","166.25","109","39.25","47.75","45.25","11.75","true","true","true"
"firefox","Lenovo 20Y7003XGE","react","Windows 11","Netflix_Aerial_4096x2160_60fps_8bit_420","H265","161","282","32.25","68","119.75","9.25","true","true","true"
"firefox","Lenovo 20Y7003XGE","react","Windows 11","sintel_trailer_2k_1080p24_lowBitrate","H265","136.75","189.5","35.25","45.25","62.5","10","true","true","true"
"firefox","Lenovo 20Y7003XGE","react","Windows 11","720p50_parkrun_ter","WebM","186.5","132.75","188.5","67.75","48.25","71","false","false","false"
"firefox","Lenovo 20Y7003XGE","react","Windows 11","Netflix_Aerial_4096x2160_60fps_8bit_420","WebM","695.25","299.75","450.75","269","118.5","149.25","false","false","false"
"firefox","Lenovo 20Y7003XGE","react","Windows 11","sintel_trailer_2k_1080p24_lowBitrate","WebM","136.75","189.5","35.25","45.25","62.5","10","true","true","true"
"firefox","Lenovo 20Y7003XGE","remix","Windows 11","720p50_parkrun_ter","H265","311","87.5","45.25","107","30","13.75","true","true","true"
"firefox","Lenovo 20Y7003XGE","remix","Windows 11","Netflix_Aerial_4096x2160_60fps_8bit_420","H265","107.75","82.5","39.5","36.5","31.75","12.5","true","true","true"
"firefox","Lenovo 20Y7003XGE","remix","Windows 11","sintel_trailer_2k_1080p24_lowBitrate","H265","134.75","123.75","56.5","43.75","47.5","20","true","true","true"
"firefox","Lenovo 20Y7003XGE","remix","Windows 11","720p50_parkrun_ter","WebM","183.25","127.5","12402.75","68","42","null","false","false","false"
"firefox","Lenovo 20Y7003XGE","remix","Windows 11","Netflix_Aerial_4096x2160_60fps_8bit_420","WebM","528.75","295.25","290.25","207.5","111.5","113.5","false","false","false"
"firefox","Lenovo 20Y7003XGE","remix","Windows 11","sintel_trailer_2k_1080p24_lowBitrate","WebM","134.75","123.75","56.5","43.75","47.5","20","true","true","true"